run_id,seed_profile_id,cell_FR,cell_MB,cell_PD,cell_ODW,movement_model,movement_model_requested,movement_model_effective,runtime_decision_source_requested,runtime_decision_source_effective,movement_v3a_experiment_effective,centroid_probe_scale_effective,odw_posture_bias_enabled_effective,odw_posture_bias_k_effective,odw_posture_bias_clip_delta_effective,random_seed_effective,background_map_seed_effective,metatype_random_seed_effective,opponent_archetype_id,side_a_vector,opponent_vector,winner,end_tick,remaining_units_A,remaining_units_B,first_contact_tick,first_kill_tick,tactical_cut_tick_T,tactical_pocket_tick_T,first_damage_tick,missing_cut,pocket_without_cut,event_order_anomaly,event_order_anomaly_label,first_deep_pursuit_tick_A,first_deep_pursuit_tick_B,pct_ticks_deep_pursuit_A,pct_ticks_deep_pursuit_B,mean_pursuit_intensity_A,mean_pursuit_intensity_B,mean_enemy_collapse_signal_A,mean_enemy_collapse_signal_B,p95_enemy_collapse_signal_A,p95_enemy_collapse_signal_B,precontact_ar_forward_p90_A,precontact_wedge_ratio_p10_A,precontact_split_separation_p90_A,precontact_c_conn_mean_A,precontact_rho_mean_A,precontact_c_scale_mean_A,front_profile_A,wedge_present_A,local_penetration_A,structural_fragility_A,posture_coherence_A,fire_eff_contact_to_cut_mean_A,fire_eff_contact_to_cut_p90_A,front_profile_B,wedge_present_B,local_penetration_B,structural_fragility_B,posture_coherence_B,fire_eff_contact_to_cut_mean_B,fire_eff_contact_to_cut_p90_B,runtime_collapse_sig_mean_A,runtime_collapse_sig_p95_A,runtime_c_conn_mean_A,runtime_rho_mean_A,runtime_c_scale_mean_A,runtime_collapse_sig_mean_B,runtime_collapse_sig_p95_B,runtime_c_conn_mean_B,runtime_rho_mean_B,runtime_c_scale_mean_B,precontact_wedge_p50_A,precontact_frontcurv_p50_A,precontact_cw_pshare_p50_A,precontact_pospersist_max_abs_A,first_alive_lead_tick,first_alive_lead_side,first_alive_lead_change_tick,first_major_divergence_tick,first_major_divergence_side,max_alive_lead_A,max_alive_lead_B,contact_ticks,mean_in_contact_count_contact_phase,mean_damage_events_count_contact_phase,damage_events_per_contact_pair_proxy,determinism_digest,cell_id,variant_id,variant_experiment
SP01_FR2_MB2_PD8_ODW8,SP01,2,2,8,8,v3a,baseline,v3a,baseline,v3_test,exp_precontact_centroid_probe,0.5,True,0.5,0.4,223325105,428453577,1876258475,controlled_baseline_B,"{""force_concentration_ratio"": 5.0, ""formation_rigidity"": 2.0, ""mobility_bias"": 2.0, ""offense_defense_weight"": 8.0, ""perception_radius"": 5.0, ""pursuit_drive"": 8.0, ""retreat_threshold"": 5.0, ""risk_appetite"": 5.0, ""targeting_logic"": 5.0, ""time_preference"": 5.0}","{""force_concentration_ratio"": 5.0, ""formation_rigidity"": 2.0, ""mobility_bias"": 2.0, ""offense_defense_weight"": 8.0, ""perception_radius"": 5.0, ""pursuit_drive"": 2.0, ""retreat_threshold"": 5.0, ""risk_appetite"": 5.0, ""targeting_logic"": 5.0, ""time_preference"": 5.0}",A,546,5,0,113,121,132,136,113,False,False,False,,2,,71.06227106227107,0.0,0.20622488342406506,0.0,0.28455875814117376,0.26120806262419255,0.6666666666666667,0.6076845298281093,2.2195705089853734,0.979487141163618,1.7201744640650434,0.9696999999999995,0.45909346043985005,1.0,mixed_front,False,True,False,False,0.5496682995735238,0.7082047341944829,flat_holding_front,False,True,False,False,0.5332346714748685,0.6938477586747755,0.035357142857142865,0.1344999999999999,0.9646428571428571,0.4576877994843078,1.0,0.06919642857142858,0.21999999999999997,0.9308035714285714,0.4579519543460033,1.0,0.9958796974673194,0.27774729933547104,-0.0005564588625738662,0.0,123,A,126,536,A,5,3,424,48.68632075471698,48.68632075471698,1.0,8e8db99eee1641b291317bf2c7c77493b095b04c78044ae3f5d0918f1fd1875c,FR2_MB2_PD8_ODW8,baseline,exp_precontact_centroid_probe
SP09_FR2_MB2_PD8_ODW8,SP09,2,2,8,8,v3a,baseline,v3a,baseline,v3_test,exp_precontact_centroid_probe,0.5,True,0.5,0.4,1049858353,1430962147,825265366,controlled_baseline_B,"{""force_concentration_ratio"": 5.0, ""formation_rigidity"": 2.0, ""mobility_bias"": 2.0, ""offense_defense_weight"": 8.0, ""perception_radius"": 5.0, ""pursuit_drive"": 8.0, ""retreat_threshold"": 5.0, ""risk_appetite"": 5.0, ""targeting_logic"": 5.0, ""time_preference"": 5.0}","{""force_concentration_ratio"": 5.0, ""formation_rigidity"": 2.0, ""mobility_bias"": 2.0, ""offense_defense_weight"": 8.0, ""perception_radius"": 5.0, ""pursuit_drive"": 2.0, ""retreat_threshold"": 5.0, ""risk_appetite"": 5.0, ""targeting_logic"": 5.0, ""time_preference"": 5.0}",A,546,5,0,113,121,132,136,113,False,False,False,,2,,71.06227106227107,0.0,0.20622488342406506,0.0,0.28455875814117376,0.26120806262419255,0.6666666666666667,0.6076845298281093,2.2195705089853734,0.979487141163618,1.7201744640650434,0.9696999999999995,0.45909346043985005,1.0,mixed_front,False,True,False,False,0.5496682995735238,0.7082047341944829,flat_holding_front,False,True,False,False,0.5332346714748685,0.6938477586747755,0.035357142857142865,0.1344999999999999,0.9646428571428571,0.4576877994843078,1.0,0.06919642857142858,0.21999999999999997,0.9308035714285714,0.4579519543460033,1.0,0.9958796974673194,0.27774729933547104,-0.0005564588625738662,0.0,123,A,126,536,A,5,3,424,48.68632075471698,48.68632075471698,1.0,8e8db99eee1641b291317bf2c7c77493b095b04c78044ae3f5d0918f1fd1875c,FR2_MB2_PD8_ODW8,baseline,exp_precontact_centroid_probe
SP18_FR2_MB2_PD8_ODW8,SP18,2,2,8,8,v3a,baseline,v3a,baseline,v3_test,exp_precontact_centroid_probe,0.5,True,0.5,0.4,1383636782,1153110224,1272470450,controlled_baseline_B,"{""force_concentration_ratio"": 5.0, ""formation_rigidity"": 2.0, ""mobility_bias"": 2.0, ""offense_defense_weight"": 8.0, ""perception_radius"": 5.0, ""pursuit_drive"": 8.0, ""retreat_threshold"": 5.0, ""risk_appetite"": 5.0, ""targeting_logic"": 5.0, ""time_preference"": 5.0}","{""force_concentration_ratio"": 5.0, ""formation_rigidity"": 2.0, ""mobility_bias"": 2.0, ""offense_defense_weight"": 8.0, ""perception_radius"": 5.0, ""pursuit_drive"": 2.0, ""retreat_threshold"": 5.0, ""risk_appetite"": 5.0, ""targeting_logic"": 5.0, ""time_preference"": 5.0}",A,546,5,0,113,121,132,136,113,False,False,False,,2,,71.06227106227107,0.0,0.20622488342406506,0.0,0.28455875814117376,0.26120806262419255,0.6666666666666667,0.6076845298281093,2.2195705089853734,0.979487141163618,1.7201744640650434,0.9696999999999995,0.45909346043985005,1.0,mixed_front,False,True,False,False,0.5496682995735238,0.7082047341944829,flat_holding_front,False,True,False,False,0.5332346714748685,0.6938477586747755,0.035357142857142865,0.1344999999999999,0.9646428571428571,0.4576877994843078,1.0,0.06919642857142858,0.21999999999999997,0.9308035714285714,0.4579519543460033,1.0,0.9958796974673194,0.27774729933547104,-0.0005564588625738662,0.0,123,A,126,536,A,5,3,424,48.68632075471698,48.68632075471698,1.0,8e8db99eee1641b291317bf2c7c77493b095b04c78044ae3f5d0918f1fd1875c,FR2_MB2_PD8_ODW8,baseline,exp_precontact_centroid_probe
SP01_FR2_MB2_PD8_ODW8,SP01,2,2,8,8,v3a,baseline,v3a,baseline,v3_test,exp_precontact_plus_fr_centroid_decouple_probe,0.5,True,0.5,0.4,223325105,428453577,1876258475,controlled_baseline_B,"{""force_concentration_ratio"": 5.0, ""formation_rigidity"": 2.0, ""mobility_bias"": 2.0, ""offense_defense_weight"": 8.0, ""perception_radius"": 5.0, ""pursuit_drive"": 8.0, ""retreat_threshold"": 5.0, ""risk_appetite"": 5.0, ""targeting_logic"": 5.0, ""time_preference"": 5.0}","{""force_concentration_ratio"": 5.0, ""formation_rigidity"": 2.0, ""mobility_bias"": 2.0, ""offense_defense_weight"": 8.0, ""perception_radius"": 5.0, ""pursuit_drive"": 2.0, ""retreat_threshold"": 5.0, ""risk_appetite"": 5.0, ""targeting_logic"": 5.0, ""time_preference"": 5.0}",B,459,0,12,105,113,334,169,105,False,False,True,pocket_before_cut,2,450,42.91938997821351,2.178649237472767,0.08410892416634624,0.02178649237472767,0.1563737686857215,0.20543396437958228,0.5,0.6124999999999996,2.4048500185210577,0.6681536078279273,1.7308253558217033,0.9881,0.41633475806684794,1.0,unstable_penetration_wedge,True,True,False,False,0.7163032742316686,0.9393167044967958,mixed_front,False,True,False,False,0.7317377112007021,0.9340431989197845,0.01173076923076924,0.040000000000000036,0.9882692307692308,0.41778232992376163,1.0,0.01932692307692309,0.06000000000000005,0.9806730769230769,0.41847297149131485,1.0,0.7655289209038458,0.42742887940628727,0.0015615444186046741,0.0,113,B,118,298,B,2,12,345,58.25217391304348,58.25217391304348,1.0,c16b7a0656689ade536089e2a9d3acb9dde2d0ea3c4d8eaaae372d77164917d8,FR2_MB2_PD8_ODW8,fr_centroid_decouple_candidate,exp_precontact_plus_fr_centroid_decouple_probe
SP09_FR2_MB2_PD8_ODW8,SP09,2,2,8,8,v3a,baseline,v3a,baseline,v3_test,exp_precontact_plus_fr_centroid_decouple_probe,0.5,True,0.5,0.4,1049858353,1430962147,825265366,controlled_baseline_B,"{""force_concentration_ratio"": 5.0, ""formation_rigidity"": 2.0, ""mobility_bias"": 2.0, ""offense_defense_weight"": 8.0, ""perception_radius"": 5.0, ""pursuit_drive"": 8.0, ""retreat_threshold"": 5.0, ""risk_appetite"": 5.0, ""targeting_logic"": 5.0, ""time_preference"": 5.0}","{""force_concentration_ratio"": 5.0, ""formation_rigidity"": 2.0, ""mobility_bias"": 2.0, ""offense_defense_weight"": 8.0, ""perception_radius"": 5.0, ""pursuit_drive"": 2.0, ""retreat_threshold"": 5.0, ""risk_appetite"": 5.0, ""targeting_logic"": 5.0, ""time_preference"": 5.0}",B,459,0,12,105,113,334,169,105,False,False,True,pocket_before_cut,2,450,42.91938997821351,2.178649237472767,0.08410892416634624,0.02178649237472767,0.1563737686857215,0.20543396437958228,0.5,0.6124999999999996,2.4048500185210577,0.6681536078279273,1.7308253558217033,0.9881,0.41633475806684794,1.0,unstable_penetration_wedge,True,True,False,False,0.7163032742316686,0.9393167044967958,mixed_front,False,True,False,False,0.7317377112007021,0.9340431989197845,0.01173076923076924,0.040000000000000036,0.9882692307692308,0.41778232992376163,1.0,0.01932692307692309,0.06000000000000005,0.9806730769230769,0.41847297149131485,1.0,0.7655289209038458,0.42742887940628727,0.0015615444186046741,0.0,113,B,118,298,B,2,12,345,58.25217391304348,58.25217391304348,1.0,c16b7a0656689ade536089e2a9d3acb9dde2d0ea3c4d8eaaae372d77164917d8,FR2_MB2_PD8_ODW8,fr_centroid_decouple_candidate,exp_precontact_plus_fr_centroid_decouple_probe
SP18_FR2_MB2_PD8_ODW8,SP18,2,2,8,8,v3a,baseline,v3a,baseline,v3_test,exp_precontact_plus_fr_centroid_decouple_probe,0.5,True,0.5,0.4,1383636782,1153110224,1272470450,controlled_baseline_B,"{""force_concentration_ratio"": 5.0, ""formation_rigidity"": 2.0, ""mobility_bias"": 2.0, ""offense_defense_weight"": 8.0, ""perception_radius"": 5.0, ""pursuit_drive"": 8.0, ""retreat_threshold"": 5.0, ""risk_appetite"": 5.0, ""targeting_logic"": 5.0, ""time_preference"": 5.0}","{""force_concentration_ratio"": 5.0, ""formation_rigidity"": 2.0, ""mobility_bias"": 2.0, ""offense_defense_weight"": 8.0, ""perception_radius"": 5.0, ""pursuit_drive"": 2.0, ""retreat_threshold"": 5.0, ""risk_appetite"": 5.0, ""targeting_logic"": 5.0, ""time_preference"": 5.0}",B,459,0,12,105,113,334,169,105,False,False,True,pocket_before_cut,2,450,42.91938997821351,2.178649237472767,0.08410892416634624,0.02178649237472767,0.1563737686857215,0.20543396437958228,0.5,0.6124999999999996,2.4048500185210577,0.6681536078279273,1.7308253558217033,0.9881,0.41633475806684794,1.0,unstable_penetration_wedge,True,True,False,False,0.7163032742316686,0.9393167044967958,mixed_front,False,True,False,False,0.7317377112007021,0.9340431989197845,0.01173076923076924,0.040000000000000036,0.9882692307692308,0.41778232992376163,1.0,0.01932692307692309,0.06000000000000005,0.9806730769230769,0.41847297149131485,1.0,0.7655289209038458,0.42742887940628727,0.0015615444186046741,0.0,113,B,118,298,B,2,12,345,58.25217391304348,58.25217391304348,1.0,c16b7a0656689ade536089e2a9d3acb9dde2d0ea3c4d8eaaae372d77164917d8,FR2_MB2_PD8_ODW8,fr_centroid_decouple_candidate,exp_precontact_plus_fr_centroid_decouple_probe
SP01_FR2_MB8_PD8_ODW8,SP01,2,8,8,8,v3a,baseline,v3a,baseline,v3_test,exp_precontact_centroid_probe,0.5,True,0.5,0.4,223325105,428453577,1876258475,controlled_baseline_B,"{""force_concentration_ratio"": 5.0, ""formation_rigidity"": 2.0, ""mobility_bias"": 8.0, ""offense_defense_weight"": 8.0, ""perception_radius"": 5.0, ""pursuit_drive"": 8.0, ""retreat_threshold"": 5.0, ""risk_appetite"": 5.0, ""targeting_logic"": 5.0, ""time_preference"": 5.0}","{""force_concentration_ratio"": 5.0, ""formation_rigidity"": 2.0, ""mobility_bias"": 2.0, ""offense_defense_weight"": 8.0, ""perception_radius"": 5.0, ""pursuit_drive"": 2.0, ""retreat_threshold"": 5.0, ""risk_appetite"": 5.0, ""targeting_logic"": 5.0, ""time_preference"": 5.0}",B,446,0,21,112,120,131,137,112,False,False,False,,2,437,56.2780269058296,2.242152466367713,0.11373663141809973,0.02242152466367713,0.19509461327044875,0.3618253658499139,0.5070422535211268,0.7185714285714286,2.1909359425691863,0.8630539448991119,1.7115358210565101,0.7397000000000001,0.45997083866655025,1.0,mixed_front,False,True,True,False,0.4431311029601023,0.6236128851364308,flat_holding_front,False,True,False,False,0.5417272282332205,0.7653486985407856,0.28306306306306306,0.595,0.7169369369369369,0.4582686610434961,1.0,0.0645945945945946,0.24,0.9354054054054054,0.45776134366695276,1.0,0.9315642667113164,0.14719344354708008,-0.0010430092671875313,0.0,120,B,,155,B,0,21,325,58.16923076923077,58.16923076923077,1.0,2cfdd4ca1b1c3ab27cfe8473be7306c7b69989c6689de0b47477e481b9d40aa7,FR2_MB8_PD8_ODW8,baseline,exp_precontact_centroid_probe
SP09_FR2_MB8_PD8_ODW8,SP09,2,8,8,8,v3a,baseline,v3a,baseline,v3_test,exp_precontact_centroid_probe,0.5,True,0.5,0.4,1049858353,1430962147,825265366,controlled_baseline_B,"{""force_concentration_ratio"": 5.0, ""formation_rigidity"": 2.0, ""mobility_bias"": 8.0, ""offense_defense_weight"": 8.0, ""perception_radius"": 5.0, ""pursuit_drive"": 8.0, ""retreat_threshold"": 5.0, ""risk_appetite"": 5.0, ""targeting_logic"": 5.0, ""time_preference"": 5.0}","{""force_concentration_ratio"": 5.0, ""formation_rigidity"": 2.0, ""mobility_bias"": 2.0, ""offense_defense_weight"": 8.0, ""perception_radius"": 5.0, ""pursuit_drive"": 2.0, ""retreat_threshold"": 5.0, ""risk_appetite"": 5.0, ""targeting_logic"": 5.0, ""time_preference"": 5.0}",B,446,0,21,112,120,131,137,112,False,False,False,,2,437,56.2780269058296,2.242152466367713,0.11373663141809973,0.02242152466367713,0.19509461327044875,0.3618253658499139,0.5070422535211268,0.7185714285714286,2.1909359425691863,0.8630539448991119,1.7115358210565101,0.7397000000000001,0.45997083866655025,1.0,mixed_front,False,True,True,False,0.4431311029601023,0.6236128851364308,flat_holding_front,False,True,False,False,0.5417272282332205,0.7653486985407856,0.28306306306306306,0.595,0.7169369369369369,0.4582686610434961,1.0,0.0645945945945946,0.24,0.9354054054054054,0.45776134366695276,1.0,0.9315642667113164,0.14719344354708008,-0.0010430092671875313,0.0,120,B,,155,B,0,21,325,58.16923076923077,58.16923076923077,1.0,2cfdd4ca1b1c3ab27cfe8473be7306c7b69989c6689de0b47477e481b9d40aa7,FR2_MB8_PD8_ODW8,baseline,exp_precontact_centroid_probe
SP18_FR2_MB8_PD8_ODW8,SP18,2,8,8,8,v3a,baseline,v3a,baseline,v3_test,exp_precontact_centroid_probe,0.5,True,0.5,0.4,1383636782,1153110224,1272470450,controlled_baseline_B,"{""force_concentration_ratio"": 5.0, ""formation_rigidity"": 2.0, ""mobility_bias"": 8.0, ""offense_defense_weight"": 8.0, ""perception_radius"": 5.0, ""pursuit_drive"": 8.0, ""retreat_threshold"": 5.0, ""risk_appetite"": 5.0, ""targeting_logic"": 5.0, ""time_preference"": 5.0}","{""force_concentration_ratio"": 5.0, ""formation_rigidity"": 2.0, ""mobility_bias"": 2.0, ""offense_defense_weight"": 8.0, ""perception_radius"": 5.0, ""pursuit_drive"": 2.0, ""retreat_threshold"": 5.0, ""risk_appetite"": 5.0, ""targeting_logic"": 5.0, ""time_preference"": 5.0}",B,446,0,21,112,120,131,137,112,False,False,False,,2,437,56.2780269058296,2.242152466367713,0.11373663141809973,0.02242152466367713,0.19509461327044875,0.3618253658499139,0.5070422535211268,0.7185714285714286,2.1909359425691863,0.8630539448991119,1.7115358210565101,0.7397000000000001,0.45997083866655025,1.0,mixed_front,False,True,True,False,0.4431311029601023,0.6236128851364308,flat_holding_front,False,True,False,False,0.5417272282332205,0.7653486985407856,0.28306306306306306,0.595,0.7169369369369369,0.4582686610434961,1.0,0.0645945945945946,0.24,0.9354054054054054,0.45776134366695276,1.0,0.9315642667113164,0.14719344354708008,-0.0010430092671875313,0.0,120,B,,155,B,0,21,325,58.16923076923077,58.16923076923077,1.0,2cfdd4ca1b1c3ab27cfe8473be7306c7b69989c6689de0b47477e481b9d40aa7,FR2_MB8_PD8_ODW8,baseline,exp_precontact_centroid_probe
SP01_FR2_MB8_PD8_ODW8,SP01,2,8,8,8,v3a,baseline,v3a,baseline,v3_test,exp_precontact_plus_fr_centroid_decouple_probe,0.5,True,0.5,0.4,223325105,428453577,1876258475,controlled_baseline_B,"{""force_concentration_ratio"": 5.0, ""formation_rigidity"": 2.0, ""mobility_bias"": 8.0, ""offense_defense_weight"": 8.0, ""perception_radius"": 5.0, ""pursuit_drive"": 8.0, ""retreat_threshold"": 5.0, ""risk_appetite"": 5.0, ""targeting_logic"": 5.0, ""time_preference"": 5.0}","{""force_concentration_ratio"": 5.0, ""formation_rigidity"": 2.0, ""mobility_bias"": 2.0, ""offense_defense_weight"": 8.0, ""perception_radius"": 5.0, ""pursuit_drive"": 2.0, ""retreat_threshold"": 5.0, ""risk_appetite"": 5.0, ""targeting_logic"": 5.0, ""time_preference"": 5.0}",B,433,0,16,106,114,125,156,106,False,False,False,,2,424,39.030023094688225,2.3094688221709005,0.07282838276114934,0.023094688221709007,0.13940848637095515,0.2245098732081605,0.4596153846153846,0.6666666666666667,2.263494110731943,0.5823996298601241,1.7387674513917972,0.9404999999999997,0.4162134127285183,1.0,unstable_penetration_wedge,True,True,False,False,0.3050389590824982,0.5216032785533951,unstable_penetration_wedge,True,True,False,False,0.36910281894495606,0.5649952093462941,0.06152380952380953,0.148,0.9384761904761905,0.418216573639614,1.0,0.02104761904761906,0.06000000000000005,0.9789523809523809,0.41891575393763963,1.0,0.6270143444284715,0.8567151172112486,0.0005460829381167104,0.0,114,B,252,288,B,1,16,318,62.19496855345912,62.19496855345912,1.0,69aae55065010a0a8a768ddb1b7722c74f3dcd56e7e8fc190fbdd6cce25c0e07,FR2_MB8_PD8_ODW8,fr_centroid_decouple_candidate,exp_precontact_plus_fr_centroid_decouple_probe
SP09_FR2_MB8_PD8_ODW8,SP09,2,8,8,8,v3a,baseline,v3a,baseline,v3_test,exp_precontact_plus_fr_centroid_decouple_probe,0.5,True,0.5,0.4,1049858353,1430962147,825265366,controlled_baseline_B,"{""force_concentration_ratio"": 5.0, ""formation_rigidity"": 2.0, ""mobility_bias"": 8.0, ""offense_defense_weight"": 8.0, ""perception_radius"": 5.0, ""pursuit_drive"": 8.0, ""retreat_threshold"": 5.0, ""risk_appetite"": 5.0, ""targeting_logic"": 5.0, ""time_preference"": 5.0}","{""force_concentration_ratio"": 5.0, ""formation_rigidity"": 2.0, ""mobility_bias"": 2.0, ""offense_defense_weight"": 8.0, ""perception_radius"": 5.0, ""pursuit_drive"": 2.0, ""retreat_threshold"": 5.0, ""risk_appetite"": 5.0, ""targeting_logic"": 5.0, ""time_preference"": 5.0}",B,433,0,16,106,114,125,156,106,False,False,False,,2,424,39.030023094688225,2.3094688221709005,0.07282838276114934,0.023094688221709007,0.13940848637095515,0.2245098732081605,0.4596153846153846,0.6666666666666667,2.263494110731943,0.5823996298601241,1.7387674513917972,0.9404999999999997,0.4162134127285183,1.0,unstable_penetration_wedge,True,True,False,False,0.3050389590824982,0.5216032785533951,unstable_penetration_wedge,True,True,False,False,0.36910281894495606,0.5649952093462941,0.06152380952380953,0.148,0.9384761904761905,0.418216573639614,1.0,0.02104761904761906,0.06000000000000005,0.9789523809523809,0.41891575393763963,1.0,0.6270143444284715,0.8567151172112486,0.0005460829381167104,0.0,114,B,252,288,B,1,16,318,62.19496855345912,62.19496855345912,1.0,69aae55065010a0a8a768ddb1b7722c74f3dcd56e7e8fc190fbdd6cce25c0e07,FR2_MB8_PD8_ODW8,fr_centroid_decouple_candidate,exp_precontact_plus_fr_centroid_decouple_probe
SP18_FR2_MB8_PD8_ODW8,SP18,2,8,8,8,v3a,baseline,v3a,baseline,v3_test,exp_precontact_plus_fr_centroid_decouple_probe,0.5,True,0.5,0.4,1383636782,1153110224,1272470450,controlled_baseline_B,"{""force_concentration_ratio"": 5.0, ""formation_rigidity"": 2.0, ""mobility_bias"": 8.0, ""offense_defense_weight"": 8.0, ""perception_radius"": 5.0, ""pursuit_drive"": 8.0, ""retreat_threshold"": 5.0, ""risk_appetite"": 5.0, ""targeting_logic"": 5.0, ""time_preference"": 5.0}","{""force_concentration_ratio"": 5.0, ""formation_rigidity"": 2.0, ""mobility_bias"": 2.0, ""offense_defense_weight"": 8.0, ""perception_radius"": 5.0, ""pursuit_drive"": 2.0, ""retreat_threshold"": 5.0, ""risk_appetite"": 5.0, ""targeting_logic"": 5.0, ""time_preference"": 5.0}",B,433,0,16,106,114,125,156,106,False,False,False,,2,424,39.030023094688225,2.3094688221709005,0.07282838276114934,0.023094688221709007,0.13940848637095515,0.2245098732081605,0.4596153846153846,0.6666666666666667,2.263494110731943,0.5823996298601241,1.7387674513917972,0.9404999999999997,0.4162134127285183,1.0,unstable_penetration_wedge,True,True,False,False,0.3050389590824982,0.5216032785533951,unstable_penetration_wedge,True,True,False,False,0.36910281894495606,0.5649952093462941,0.06152380952380953,0.148,0.9384761904761905,0.418216573639614,1.0,0.02104761904761906,0.06000000000000005,0.9789523809523809,0.41891575393763963,1.0,0.6270143444284715,0.8567151172112486,0.0005460829381167104,0.0,114,B,252,288,B,1,16,318,62.19496855345912,62.19496855345912,1.0,69aae55065010a0a8a768ddb1b7722c74f3dcd56e7e8fc190fbdd6cce25c0e07,FR2_MB8_PD8_ODW8,fr_centroid_decouple_candidate,exp_precontact_plus_fr_centroid_decouple_probe
SP01_FR5_MB2_PD8_ODW8,SP01,5,2,8,8,v3a,baseline,v3a,baseline,v3_test,exp_precontact_centroid_probe,0.5,True,0.5,0.4,223325105,428453577,1876258475,controlled_baseline_B,"{""force_concentration_ratio"": 5.0, ""formation_rigidity"": 5.0, ""mobility_bias"": 2.0, ""offense_defense_weight"": 8.0, ""perception_radius"": 5.0, ""pursuit_drive"": 8.0, ""retreat_threshold"": 5.0, ""risk_appetite"": 5.0, ""targeting_logic"": 5.0, ""time_preference"": 5.0}","{""force_concentration_ratio"": 5.0, ""formation_rigidity"": 2.0, ""mobility_bias"": 2.0, ""offense_defense_weight"": 8.0, ""perception_radius"": 5.0, ""pursuit_drive"": 2.0, ""retreat_threshold"": 5.0, ""risk_appetite"": 5.0, ""targeting_logic"": 5.0, ""time_preference"": 5.0}",B,464,0,20,110,118,129,135,110,False,False,False,,2,455,59.05172413793103,2.1551724137931036,0.10921528818569574,0.021551724137931036,0.19142712344818136,0.23671061961331277,0.5357142857142857,0.5690476190476185,2.0278055237250485,0.7595328352898656,1.7295375762589729,0.9154999999999994,0.43260242789704534,1.0,unstable_penetration_wedge,True,True,False,False,0.3308031746828792,0.44349176251986433,flat_holding_front,False,True,False,False,0.5058044928786183,0.7163569225435675,0.08211009174311927,0.176,0.9178899082568808,0.43369208074689586,1.0,0.06330275229357799,0.23199999999999987,0.936697247706422,0.4576558306196043,1.0,0.8817809760527965,0.3994702826670915,0.0017304879446268556,0.0,118,B,,131,B,0,20,345,54.85217391304348,54.85217391304348,1.0,7fc0596db0788d576849547e6a5c5a93f614602d3ad146c9fda45b5ec5bbc14f,FR5_MB2_PD8_ODW8,baseline,exp_precontact_centroid_probe
SP09_FR5_MB2_PD8_ODW8,SP09,5,2,8,8,v3a,baseline,v3a,baseline,v3_test,exp_precontact_centroid_probe,0.5,True,0.5,0.4,1049858353,1430962147,825265366,controlled_baseline_B,"{""force_concentration_ratio"": 5.0, ""formation_rigidity"": 5.0, ""mobility_bias"": 2.0, ""offense_defense_weight"": 8.0, ""perception_radius"": 5.0, ""pursuit_drive"": 8.0, ""retreat_threshold"": 5.0, ""risk_appetite"": 5.0, ""targeting_logic"": 5.0, ""time_preference"": 5.0}","{""force_concentration_ratio"": 5.0, ""formation_rigidity"": 2.0, ""mobility_bias"": 2.0, ""offense_defense_weight"": 8.0, ""perception_radius"": 5.0, ""pursuit_drive"": 2.0, ""retreat_threshold"": 5.0, ""risk_appetite"": 5.0, ""targeting_logic"": 5.0, ""time_preference"": 5.0}",B,464,0,20,110,118,129,135,110,False,False,False,,2,455,59.05172413793103,2.1551724137931036,0.10921528818569574,0.021551724137931036,0.19142712344818136,0.23671061961331277,0.5357142857142857,0.5690476190476185,2.0278055237250485,0.7595328352898656,1.7295375762589729,0.9154999999999994,0.43260242789704534,1.0,unstable_penetration_wedge,True,True,False,False,0.3308031746828792,0.44349176251986433,flat_holding_front,False,True,False,False,0.5058044928786183,0.7163569225435675,0.08211009174311927,0.176,0.9178899082568808,0.43369208074689586,1.0,0.06330275229357799,0.23199999999999987,0.936697247706422,0.4576558306196043,1.0,0.8817809760527965,0.3994702826670915,0.0017304879446268556,0.0,118,B,,131,B,0,20,345,54.85217391304348,54.85217391304348,1.0,7fc0596db0788d576849547e6a5c5a93f614602d3ad146c9fda45b5ec5bbc14f,FR5_MB2_PD8_ODW8,baseline,exp_precontact_centroid_probe
SP18_FR5_MB2_PD8_ODW8,SP18,5,2,8,8,v3a,baseline,v3a,baseline,v3_test,exp_precontact_centroid_probe,0.5,True,0.5,0.4,1383636782,1153110224,1272470450,controlled_baseline_B,"{""force_concentration_ratio"": 5.0, ""formation_rigidity"": 5.0, ""mobility_bias"": 2.0, ""offense_defense_weight"": 8.0, ""perception_radius"": 5.0, ""pursuit_drive"": 8.0, ""retreat_threshold"": 5.0, ""risk_appetite"": 5.0, ""targeting_logic"": 5.0, ""time_preference"": 5.0}","{""force_concentration_ratio"": 5.0, ""formation_rigidity"": 2.0, ""mobility_bias"": 2.0, ""offense_defense_weight"": 8.0, ""perception_radius"": 5.0, ""pursuit_drive"": 2.0, ""retreat_threshold"": 5.0, ""risk_appetite"": 5.0, ""targeting_logic"": 5.0, ""time_preference"": 5.0}",B,464,0,20,110,118,129,135,110,False,False,False,,2,455,59.05172413793103,2.1551724137931036,0.10921528818569574,0.021551724137931036,0.19142712344818136,0.23671061961331277,0.5357142857142857,0.5690476190476185,2.0278055237250485,0.7595328352898656,1.7295375762589729,0.9154999999999994,0.43260242789704534,1.0,unstable_penetration_wedge,True,True,False,False,0.3308031746828792,0.44349176251986433,flat_holding_front,False,True,False,False,0.5058044928786183,0.7163569225435675,0.08211009174311927,0.176,0.9178899082568808,0.43369208074689586,1.0,0.06330275229357799,0.23199999999999987,0.936697247706422,0.4576558306196043,1.0,0.8817809760527965,0.3994702826670915,0.0017304879446268556,0.0,118,B,,131,B,0,20,345,54.85217391304348,54.85217391304348,1.0,7fc0596db0788d576849547e6a5c5a93f614602d3ad146c9fda45b5ec5bbc14f,FR5_MB2_PD8_ODW8,baseline,exp_precontact_centroid_probe
SP01_FR5_MB2_PD8_ODW8,SP01,5,2,8,8,v3a,baseline,v3a,baseline,v3_test,exp_precontact_plus_fr_centroid_decouple_probe,0.5,True,0.5,0.4,223325105,428453577,1876258475,controlled_baseline_B,"{""force_concentration_ratio"": 5.0, ""formation_rigidity"": 5.0, ""mobility_bias"": 2.0, ""offense_defense_weight"": 8.0, ""perception_radius"": 5.0, ""pursuit_drive"": 8.0, ""retreat_threshold"": 5.0, ""risk_appetite"": 5.0, ""targeting_logic"": 5.0, ""time_preference"": 5.0}","{""force_concentration_ratio"": 5.0, ""formation_rigidity"": 2.0, ""mobility_bias"": 2.0, ""offense_defense_weight"": 8.0, ""perception_radius"": 5.0, ""pursuit_drive"": 2.0, ""retreat_threshold"": 5.0, ""risk_appetite"": 5.0, ""targeting_logic"": 5.0, ""time_preference"": 5.0}",B,472,0,11,105,113,124,161,105,False,False,False,,2,463,38.559322033898304,2.1186440677966103,0.04666214481172194,0.0211864406779661,0.11607950043722301,0.2042392747415168,0.36363636363636365,0.625,2.369493594109534,0.651476902114516,1.7382510666517854,0.9776999999999996,0.4245601910869393,1.0,unstable_penetration_wedge,True,True,False,False,0.3431569452568925,0.5742545375708534,unstable_penetration_wedge,True,True,False,False,0.3654538639960448,0.6238985476471068,0.021538461538461555,0.06000000000000005,0.9784615384615385,0.42582093957100176,1.0,0.017884615384615395,0.06000000000000005,0.9821153846153846,0.41867840470672035,1.0,0.6674638968065567,0.3522821299334207,0.002267152423621287,0.0,119,A,122,328,B,2,11,358,56.701117318435756,56.701117318435756,1.0,e7980ba5140f086aeafcbd1e2cb8b5da89337cfbe7aa0b782b470b0f6c141244,FR5_MB2_PD8_ODW8,fr_centroid_decouple_candidate,exp_precontact_plus_fr_centroid_decouple_probe
SP09_FR5_MB2_PD8_ODW8,SP09,5,2,8,8,v3a,baseline,v3a,baseline,v3_test,exp_precontact_plus_fr_centroid_decouple_probe,0.5,True,0.5,0.4,1049858353,1430962147,825265366,controlled_baseline_B,"{""force_concentration_ratio"": 5.0, ""formation_rigidity"": 5.0, ""mobility_bias"": 2.0, ""offense_defense_weight"": 8.0, ""perception_radius"": 5.0, ""pursuit_drive"": 8.0, ""retreat_threshold"": 5.0, ""risk_appetite"": 5.0, ""targeting_logic"": 5.0, ""time_preference"": 5.0}","{""force_concentration_ratio"": 5.0, ""formation_rigidity"": 2.0, ""mobility_bias"": 2.0, ""offense_defense_weight"": 8.0, ""perception_radius"": 5.0, ""pursuit_drive"": 2.0, ""retreat_threshold"": 5.0, ""risk_appetite"": 5.0, ""targeting_logic"": 5.0, ""time_preference"": 5.0}",B,472,0,11,105,113,124,161,105,False,False,False,,2,463,38.559322033898304,2.1186440677966103,0.04666214481172194,0.0211864406779661,0.11607950043722301,0.2042392747415168,0.36363636363636365,0.625,2.369493594109534,0.651476902114516,1.7382510666517854,0.9776999999999996,0.4245601910869393,1.0,unstable_penetration_wedge,True,True,False,False,0.3431569452568925,0.5742545375708534,unstable_penetration_wedge,True,True,False,False,0.3654538639960448,0.6238985476471068,0.021538461538461555,0.06000000000000005,0.9784615384615385,0.42582093957100176,1.0,0.017884615384615395,0.06000000000000005,0.9821153846153846,0.41867840470672035,1.0,0.6674638968065567,0.3522821299334207,0.002267152423621287,0.0,119,A,122,328,B,2,11,358,56.701117318435756,56.701117318435756,1.0,e7980ba5140f086aeafcbd1e2cb8b5da89337cfbe7aa0b782b470b0f6c141244,FR5_MB2_PD8_ODW8,fr_centroid_decouple_candidate,exp_precontact_plus_fr_centroid_decouple_probe
SP18_FR5_MB2_PD8_ODW8,SP18,5,2,8,8,v3a,baseline,v3a,baseline,v3_test,exp_precontact_plus_fr_centroid_decouple_probe,0.5,True,0.5,0.4,1383636782,1153110224,1272470450,controlled_baseline_B,"{""force_concentration_ratio"": 5.0, ""formation_rigidity"": 5.0, ""mobility_bias"": 2.0, ""offense_defense_weight"": 8.0, ""perception_radius"": 5.0, ""pursuit_drive"": 8.0, ""retreat_threshold"": 5.0, ""risk_appetite"": 5.0, ""targeting_logic"": 5.0, ""time_preference"": 5.0}","{""force_concentration_ratio"": 5.0, ""formation_rigidity"": 2.0, ""mobility_bias"": 2.0, ""offense_defense_weight"": 8.0, ""perception_radius"": 5.0, ""pursuit_drive"": 2.0, ""retreat_threshold"": 5.0, ""risk_appetite"": 5.0, ""targeting_logic"": 5.0, ""time_preference"": 5.0}",B,472,0,11,105,113,124,161,105,False,False,False,,2,463,38.559322033898304,2.1186440677966103,0.04666214481172194,0.0211864406779661,0.11607950043722301,0.2042392747415168,0.36363636363636365,0.625,2.369493594109534,0.651476902114516,1.7382510666517854,0.9776999999999996,0.4245601910869393,1.0,unstable_penetration_wedge,True,True,False,False,0.3431569452568925,0.5742545375708534,unstable_penetration_wedge,True,True,False,False,0.3654538639960448,0.6238985476471068,0.021538461538461555,0.06000000000000005,0.9784615384615385,0.42582093957100176,1.0,0.017884615384615395,0.06000000000000005,0.9821153846153846,0.41867840470672035,1.0,0.6674638968065567,0.3522821299334207,0.002267152423621287,0.0,119,A,122,328,B,2,11,358,56.701117318435756,56.701117318435756,1.0,e7980ba5140f086aeafcbd1e2cb8b5da89337cfbe7aa0b782b470b0f6c141244,FR5_MB2_PD8_ODW8,fr_centroid_decouple_candidate,exp_precontact_plus_fr_centroid_decouple_probe
SP01_FR5_MB8_PD2_ODW8,SP01,5,8,2,8,v3a,baseline,v3a,baseline,v3_test,exp_precontact_centroid_probe,0.5,True,0.5,0.4,223325105,428453577,1876258475,controlled_baseline_B,"{""force_concentration_ratio"": 5.0, ""formation_rigidity"": 5.0, ""mobility_bias"": 8.0, ""offense_defense_weight"": 8.0, ""perception_radius"": 5.0, ""pursuit_drive"": 2.0, ""retreat_threshold"": 5.0, ""risk_appetite"": 5.0, ""targeting_logic"": 5.0, ""time_preference"": 5.0}","{""force_concentration_ratio"": 5.0, ""formation_rigidity"": 2.0, ""mobility_bias"": 2.0, ""offense_defense_weight"": 8.0, ""perception_radius"": 5.0, ""pursuit_drive"": 2.0, ""retreat_threshold"": 5.0, ""risk_appetite"": 5.0, ""targeting_logic"": 5.0, ""time_preference"": 5.0}",A,485,12,0,110,118,129,136,110,False,False,False,,476,,2.0618556701030926,0.0,0.020618556701030927,0.0,0.3612161958732356,0.17651366704470095,0.6666666666666667,0.47515151515151466,1.9808266174571256,0.6350927308794978,1.7576389416004121,0.8791000000000001,0.4340187496067825,1.0,unstable_penetration_wedge,True,True,True,False,0.3253192798220081,0.5235813812010691,flat_holding_front,False,True,False,False,0.4210873488487203,0.5913991258961397,0.1171559633027523,0.22599999999999992,0.8828440366972478,0.435877381372223,1.0,0.04807339449541285,0.14,0.9519266055045872,0.4583530380450925,1.0,0.7534110865333132,0.28092865071158224,0.001730811005274034,0.0,118,B,238,187,B,12,6,366,54.221311475409834,54.221311475409834,1.0,2dcdfef51ba68f4185dc93c498cb4a94fc365ff2ad7900bb81ecc993a98a1321,FR5_MB8_PD2_ODW8,baseline,exp_precontact_centroid_probe
SP09_FR5_MB8_PD2_ODW8,SP09,5,8,2,8,v3a,baseline,v3a,baseline,v3_test,exp_precontact_centroid_probe,0.5,True,0.5,0.4,1049858353,1430962147,825265366,controlled_baseline_B,"{""force_concentration_ratio"": 5.0, ""formation_rigidity"": 5.0, ""mobility_bias"": 8.0, ""offense_defense_weight"": 8.0, ""perception_radius"": 5.0, ""pursuit_drive"": 2.0, ""retreat_threshold"": 5.0, ""risk_appetite"": 5.0, ""targeting_logic"": 5.0, ""time_preference"": 5.0}","{""force_concentration_ratio"": 5.0, ""formation_rigidity"": 2.0, ""mobility_bias"": 2.0, ""offense_defense_weight"": 8.0, ""perception_radius"": 5.0, ""pursuit_drive"": 2.0, ""retreat_threshold"": 5.0, ""risk_appetite"": 5.0, ""targeting_logic"": 5.0, ""time_preference"": 5.0}",A,485,12,0,110,118,129,136,110,False,False,False,,476,,2.0618556701030926,0.0,0.020618556701030927,0.0,0.3612161958732356,0.17651366704470095,0.6666666666666667,0.47515151515151466,1.9808266174571256,0.6350927308794978,1.7576389416004121,0.8791000000000001,0.4340187496067825,1.0,unstable_penetration_wedge,True,True,True,False,0.3253192798220081,0.5235813812010691,flat_holding_front,False,True,False,False,0.4210873488487203,0.5913991258961397,0.1171559633027523,0.22599999999999992,0.8828440366972478,0.435877381372223,1.0,0.04807339449541285,0.14,0.9519266055045872,0.4583530380450925,1.0,0.7534110865333132,0.28092865071158224,0.001730811005274034,0.0,118,B,238,187,B,12,6,366,54.221311475409834,54.221311475409834,1.0,2dcdfef51ba68f4185dc93c498cb4a94fc365ff2ad7900bb81ecc993a98a1321,FR5_MB8_PD2_ODW8,baseline,exp_precontact_centroid_probe
SP18_FR5_MB8_PD2_ODW8,SP18,5,8,2,8,v3a,baseline,v3a,baseline,v3_test,exp_precontact_centroid_probe,0.5,True,0.5,0.4,1383636782,1153110224,1272470450,controlled_baseline_B,"{""force_concentration_ratio"": 5.0, ""formation_rigidity"": 5.0, ""mobility_bias"": 8.0, ""offense_defense_weight"": 8.0, ""perception_radius"": 5.0, ""pursuit_drive"": 2.0, ""retreat_threshold"": 5.0, ""risk_appetite"": 5.0, ""targeting_logic"": 5.0, ""time_preference"": 5.0}","{""force_concentration_ratio"": 5.0, ""formation_rigidity"": 2.0, ""mobility_bias"": 2.0, ""offense_defense_weight"": 8.0, ""perception_radius"": 5.0, ""pursuit_drive"": 2.0, ""retreat_threshold"": 5.0, ""risk_appetite"": 5.0, ""targeting_logic"": 5.0, ""time_preference"": 5.0}",A,485,12,0,110,118,129,136,110,False,False,False,,476,,2.0618556701030926,0.0,0.020618556701030927,0.0,0.3612161958732356,0.17651366704470095,0.6666666666666667,0.47515151515151466,1.9808266174571256,0.6350927308794978,1.7576389416004121,0.8791000000000001,0.4340187496067825,1.0,unstable_penetration_wedge,True,True,True,False,0.3253192798220081,0.5235813812010691,flat_holding_front,False,True,False,False,0.4210873488487203,0.5913991258961397,0.1171559633027523,0.22599999999999992,0.8828440366972478,0.435877381372223,1.0,0.04807339449541285,0.14,0.9519266055045872,0.4583530380450925,1.0,0.7534110865333132,0.28092865071158224,0.001730811005274034,0.0,118,B,238,187,B,12,6,366,54.221311475409834,54.221311475409834,1.0,2dcdfef51ba68f4185dc93c498cb4a94fc365ff2ad7900bb81ecc993a98a1321,FR5_MB8_PD2_ODW8,baseline,exp_precontact_centroid_probe
SP01_FR5_MB8_PD2_ODW8,SP01,5,8,2,8,v3a,baseline,v3a,baseline,v3_test,exp_precontact_plus_fr_centroid_decouple_probe,0.5,True,0.5,0.4,223325105,428453577,1876258475,controlled_baseline_B,"{""force_concentration_ratio"": 5.0, ""formation_rigidity"": 5.0, ""mobility_bias"": 8.0, ""offense_defense_weight"": 8.0, ""perception_radius"": 5.0, ""pursuit_drive"": 2.0, ""retreat_threshold"": 5.0, ""risk_appetite"": 5.0, ""targeting_logic"": 5.0, ""time_preference"": 5.0}","{""force_concentration_ratio"": 5.0, ""formation_rigidity"": 2.0, ""mobility_bias"": 2.0, ""offense_defense_weight"": 8.0, ""perception_radius"": 5.0, ""pursuit_drive"": 2.0, ""retreat_threshold"": 5.0, ""risk_appetite"": 5.0, ""targeting_logic"": 5.0, ""time_preference"": 5.0}",B,456,0,13,105,114,124,167,105,False,False,False,,,447,0.0,2.192982456140351,0.0,0.021929824561403508,0.14271173932487582,0.19212263662807494,0.41921664626682986,0.5614035087719298,2.28399657902513,0.5308422894147637,1.756414282788635,0.9339999999999999,0.4242316915775987,1.0,unstable_penetration_wedge,True,True,False,False,0.28207784010512305,0.5184551893293055,unstable_penetration_wedge,True,True,False,False,0.3397389451702258,0.5763973093654725,0.0673076923076923,0.14,0.9326923076923077,0.42564526325813534,1.0,0.019038461538461553,0.050000000000000044,0.9809615384615384,0.4185564476481177,1.0,0.621504955313605,0.7828820016464137,0.0034201547903947305,0.0,114,B,145,190,B,1,13,342,58.9766081871345,58.9766081871345,1.0,a6a1618687d58e1ea1593a44515cd7c9f9fc0d7960e68d54f313d4c6e3e191cb,FR5_MB8_PD2_ODW8,fr_centroid_decouple_candidate,exp_precontact_plus_fr_centroid_decouple_probe
SP09_FR5_MB8_PD2_ODW8,SP09,5,8,2,8,v3a,baseline,v3a,baseline,v3_test,exp_precontact_plus_fr_centroid_decouple_probe,0.5,True,0.5,0.4,1049858353,1430962147,825265366,controlled_baseline_B,"{""force_concentration_ratio"": 5.0, ""formation_rigidity"": 5.0, ""mobility_bias"": 8.0, ""offense_defense_weight"": 8.0, ""perception_radius"": 5.0, ""pursuit_drive"": 2.0, ""retreat_threshold"": 5.0, ""risk_appetite"": 5.0, ""targeting_logic"": 5.0, ""time_preference"": 5.0}","{""force_concentration_ratio"": 5.0, ""formation_rigidity"": 2.0, ""mobility_bias"": 2.0, ""offense_defense_weight"": 8.0, ""perception_radius"": 5.0, ""pursuit_drive"": 2.0, ""retreat_threshold"": 5.0, ""risk_appetite"": 5.0, ""targeting_logic"": 5.0, ""time_preference"": 5.0}",B,456,0,13,105,114,124,167,105,False,False,False,,,447,0.0,2.192982456140351,0.0,0.021929824561403508,0.14271173932487582,0.19212263662807494,0.41921664626682986,0.5614035087719298,2.28399657902513,0.5308422894147637,1.756414282788635,0.9339999999999999,0.4242316915775987,1.0,unstable_penetration_wedge,True,True,False,False,0.28207784010512305,0.5184551893293055,unstable_penetration_wedge,True,True,False,False,0.3397389451702258,0.5763973093654725,0.0673076923076923,0.14,0.9326923076923077,0.42564526325813534,1.0,0.019038461538461553,0.050000000000000044,0.9809615384615384,0.4185564476481177,1.0,0.621504955313605,0.7828820016464137,0.0034201547903947305,0.0,114,B,145,190,B,1,13,342,58.9766081871345,58.9766081871345,1.0,a6a1618687d58e1ea1593a44515cd7c9f9fc0d7960e68d54f313d4c6e3e191cb,FR5_MB8_PD2_ODW8,fr_centroid_decouple_candidate,exp_precontact_plus_fr_centroid_decouple_probe
SP18_FR5_MB8_PD2_ODW8,SP18,5,8,2,8,v3a,baseline,v3a,baseline,v3_test,exp_precontact_plus_fr_centroid_decouple_probe,0.5,True,0.5,0.4,1383636782,1153110224,1272470450,controlled_baseline_B,"{""force_concentration_ratio"": 5.0, ""formation_rigidity"": 5.0, ""mobility_bias"": 8.0, ""offense_defense_weight"": 8.0, ""perception_radius"": 5.0, ""pursuit_drive"": 2.0, ""retreat_threshold"": 5.0, ""risk_appetite"": 5.0, ""targeting_logic"": 5.0, ""time_preference"": 5.0}","{""force_concentration_ratio"": 5.0, ""formation_rigidity"": 2.0, ""mobility_bias"": 2.0, ""offense_defense_weight"": 8.0, ""perception_radius"": 5.0, ""pursuit_drive"": 2.0, ""retreat_threshold"": 5.0, ""risk_appetite"": 5.0, ""targeting_logic"": 5.0, ""time_preference"": 5.0}",B,456,0,13,105,114,124,167,105,False,False,False,,,447,0.0,2.192982456140351,0.0,0.021929824561403508,0.14271173932487582,0.19212263662807494,0.41921664626682986,0.5614035087719298,2.28399657902513,0.5308422894147637,1.756414282788635,0.9339999999999999,0.4242316915775987,1.0,unstable_penetration_wedge,True,True,False,False,0.28207784010512305,0.5184551893293055,unstable_penetration_wedge,True,True,False,False,0.3397389451702258,0.5763973093654725,0.0673076923076923,0.14,0.9326923076923077,0.42564526325813534,1.0,0.019038461538461553,0.050000000000000044,0.9809615384615384,0.4185564476481177,1.0,0.621504955313605,0.7828820016464137,0.0034201547903947305,0.0,114,B,145,190,B,1,13,342,58.9766081871345,58.9766081871345,1.0,a6a1618687d58e1ea1593a44515cd7c9f9fc0d7960e68d54f313d4c6e3e191cb,FR5_MB8_PD2_ODW8,fr_centroid_decouple_candidate,exp_precontact_plus_fr_centroid_decouple_probe
SP01_FR8_MB5_PD8_ODW2,SP01,8,5,8,2,v3a,baseline,v3a,baseline,v3_test,exp_precontact_centroid_probe,0.5,True,0.5,0.4,223325105,428453577,1876258475,controlled_baseline_B,"{""force_concentration_ratio"": 5.0, ""formation_rigidity"": 8.0, ""mobility_bias"": 5.0, ""offense_defense_weight"": 2.0, ""perception_radius"": 5.0, ""pursuit_drive"": 8.0, ""retreat_threshold"": 5.0, ""risk_appetite"": 5.0, ""targeting_logic"": 5.0, ""time_preference"": 5.0}","{""force_concentration_ratio"": 5.0, ""formation_rigidity"": 2.0, ""mobility_bias"": 2.0, ""offense_defense_weight"": 8.0, ""perception_radius"": 5.0, ""pursuit_drive"": 2.0, ""retreat_threshold"": 5.0, ""risk_appetite"": 5.0, ""targeting_logic"": 5.0, ""time_preference"": 5.0}",B,476,0,12,109,117,128,137,109,False,False,False,,2,467,75.63025210084034,2.100840336134454,0.2424406260616747,0.02100840336134454,0.3160990490243883,0.22963125459691566,0.6153846153846154,0.6,2.009921974995488,0.7108238211317827,1.7519524517264768,0.8342999999999996,0.43069798342895965,1.0,unstable_penetration_wedge,True,True,True,False,0.20277865956093513,0.35526940253866435,mixed_front,False,True,False,False,0.35810531850003496,0.5031658867713596,0.16444444444444445,0.26,0.8355555555555556,0.4326942795166527,1.0,0.06425925925925927,0.25649999999999995,0.9357407407407408,0.457797076824063,1.0,0.9064954685849852,0.3655827542370853,-0.026116965645472827,0.0,117,B,,135,B,0,12,358,55.08659217877095,55.08659217877095,1.0,5dd4b03153a31816e48591f2bf6aad66648479f8eba06438e13756f91f2e49f7,FR8_MB5_PD8_ODW2,baseline,exp_precontact_centroid_probe
SP09_FR8_MB5_PD8_ODW2,SP09,8,5,8,2,v3a,baseline,v3a,baseline,v3_test,exp_precontact_centroid_probe,0.5,True,0.5,0.4,1049858353,1430962147,825265366,controlled_baseline_B,"{""force_concentration_ratio"": 5.0, ""formation_rigidity"": 8.0, ""mobility_bias"": 5.0, ""offense_defense_weight"": 2.0, ""perception_radius"": 5.0, ""pursuit_drive"": 8.0, ""retreat_threshold"": 5.0, ""risk_appetite"": 5.0, ""targeting_logic"": 5.0, ""time_preference"": 5.0}","{""force_concentration_ratio"": 5.0, ""formation_rigidity"": 2.0, ""mobility_bias"": 2.0, ""offense_defense_weight"": 8.0, ""perception_radius"": 5.0, ""pursuit_drive"": 2.0, ""retreat_threshold"": 5.0, ""risk_appetite"": 5.0, ""targeting_logic"": 5.0, ""time_preference"": 5.0}",B,476,0,12,109,117,128,137,109,False,False,False,,2,467,75.63025210084034,2.100840336134454,0.2424406260616747,0.02100840336134454,0.3160990490243883,0.22963125459691566,0.6153846153846154,0.6,2.009921974995488,0.7108238211317827,1.7519524517264768,0.8342999999999996,0.43069798342895965,1.0,unstable_penetration_wedge,True,True,True,False,0.20277865956093513,0.35526940253866435,mixed_front,False,True,False,False,0.35810531850003496,0.5031658867713596,0.16444444444444445,0.26,0.8355555555555556,0.4326942795166527,1.0,0.06425925925925927,0.25649999999999995,0.9357407407407408,0.457797076824063,1.0,0.9064954685849852,0.3655827542370853,-0.026116965645472827,0.0,117,B,,135,B,0,12,358,55.08659217877095,55.08659217877095,1.0,5dd4b03153a31816e48591f2bf6aad66648479f8eba06438e13756f91f2e49f7,FR8_MB5_PD8_ODW2,baseline,exp_precontact_centroid_probe
SP18_FR8_MB5_PD8_ODW2,SP18,8,5,8,2,v3a,baseline,v3a,baseline,v3_test,exp_precontact_centroid_probe,0.5,True,0.5,0.4,1383636782,1153110224,1272470450,controlled_baseline_B,"{""force_concentration_ratio"": 5.0, ""formation_rigidity"": 8.0, ""mobility_bias"": 5.0, ""offense_defense_weight"": 2.0, ""perception_radius"": 5.0, ""pursuit_drive"": 8.0, ""retreat_threshold"": 5.0, ""risk_appetite"": 5.0, ""targeting_logic"": 5.0, ""time_preference"": 5.0}","{""force_concentration_ratio"": 5.0, ""formation_rigidity"": 2.0, ""mobility_bias"": 2.0, ""offense_defense_weight"": 8.0, ""perception_radius"": 5.0, ""pursuit_drive"": 2.0, ""retreat_threshold"": 5.0, ""risk_appetite"": 5.0, ""targeting_logic"": 5.0, ""time_preference"": 5.0}",B,476,0,12,109,117,128,137,109,False,False,False,,2,467,75.63025210084034,2.100840336134454,0.2424406260616747,0.02100840336134454,0.3160990490243883,0.22963125459691566,0.6153846153846154,0.6,2.009921974995488,0.7108238211317827,1.7519524517264768,0.8342999999999996,0.43069798342895965,1.0,unstable_penetration_wedge,True,True,True,False,0.20277865956093513,0.35526940253866435,mixed_front,False,True,False,False,0.35810531850003496,0.5031658867713596,0.16444444444444445,0.26,0.8355555555555556,0.4326942795166527,1.0,0.06425925925925927,0.25649999999999995,0.9357407407407408,0.457797076824063,1.0,0.9064954685849852,0.3655827542370853,-0.026116965645472827,0.0,117,B,,135,B,0,12,358,55.08659217877095,55.08659217877095,1.0,5dd4b03153a31816e48591f2bf6aad66648479f8eba06438e13756f91f2e49f7,FR8_MB5_PD8_ODW2,baseline,exp_precontact_centroid_probe
SP01_FR8_MB5_PD8_ODW2,SP01,8,5,8,2,v3a,baseline,v3a,baseline,v3_test,exp_precontact_plus_fr_centroid_decouple_probe,0.5,True,0.5,0.4,223325105,428453577,1876258475,controlled_baseline_B,"{""force_concentration_ratio"": 5.0, ""formation_rigidity"": 8.0, ""mobility_bias"": 5.0, ""offense_defense_weight"": 2.0, ""perception_radius"": 5.0, ""pursuit_drive"": 8.0, ""retreat_threshold"": 5.0, ""risk_appetite"": 5.0, ""targeting_logic"": 5.0, ""time_preference"": 5.0}","{""force_concentration_ratio"": 5.0, ""formation_rigidity"": 2.0, ""mobility_bias"": 2.0, ""offense_defense_weight"": 8.0, ""perception_radius"": 5.0, ""pursuit_drive"": 2.0, ""retreat_threshold"": 5.0, ""risk_appetite"": 5.0, ""targeting_logic"": 5.0, ""time_preference"": 5.0}",B,377,0,32,105,112,124,150,105,False,False,False,,2,368,25.46419098143236,2.6525198938992043,0.03851370824224819,0.026525198938992044,0.0937894279186458,0.2674522311799026,0.34558823529411753,0.6260869565217391,2.1137678908028956,0.660369343161735,1.8257228823407012,0.8418000000000001,0.42681086730313855,1.0,unstable_penetration_wedge,True,True,True,False,0.20825516194518953,0.3756040439945616,unstable_penetration_wedge,True,True,False,False,0.374706156974426,0.6093597319103602,0.1580769230769231,0.23849999999999993,0.8419230769230769,0.4279500122308193,1.0,0.02115384615384617,0.06000000000000005,0.9788461538461538,0.41888256427638787,1.0,0.874939952235982,0.3720575323280786,-0.034395346857800456,0.0,112,B,,123,B,0,32,263,69.38783269961978,69.38783269961978,1.0,b915316a4842f698d2de070b0581f990c457e4a7418efb31ff58f66988c2df22,FR8_MB5_PD8_ODW2,fr_centroid_decouple_candidate,exp_precontact_plus_fr_centroid_decouple_probe
SP09_FR8_MB5_PD8_ODW2,SP09,8,5,8,2,v3a,baseline,v3a,baseline,v3_test,exp_precontact_plus_fr_centroid_decouple_probe,0.5,True,0.5,0.4,1049858353,1430962147,825265366,controlled_baseline_B,"{""force_concentration_ratio"": 5.0, ""formation_rigidity"": 8.0, ""mobility_bias"": 5.0, ""offense_defense_weight"": 2.0, ""perception_radius"": 5.0, ""pursuit_drive"": 8.0, ""retreat_threshold"": 5.0, ""risk_appetite"": 5.0, ""targeting_logic"": 5.0, ""time_preference"": 5.0}","{""force_concentration_ratio"": 5.0, ""formation_rigidity"": 2.0, ""mobility_bias"": 2.0, ""offense_defense_weight"": 8.0, ""perception_radius"": 5.0, ""pursuit_drive"": 2.0, ""retreat_threshold"": 5.0, ""risk_appetite"": 5.0, ""targeting_logic"": 5.0, ""time_preference"": 5.0}",B,377,0,32,105,112,124,150,105,False,False,False,,2,368,25.46419098143236,2.6525198938992043,0.03851370824224819,0.026525198938992044,0.0937894279186458,0.2674522311799026,0.34558823529411753,0.6260869565217391,2.1137678908028956,0.660369343161735,1.8257228823407012,0.8418000000000001,0.42681086730313855,1.0,unstable_penetration_wedge,True,True,True,False,0.20825516194518953,0.3756040439945616,unstable_penetration_wedge,True,True,False,False,0.374706156974426,0.6093597319103602,0.1580769230769231,0.23849999999999993,0.8419230769230769,0.4279500122308193,1.0,0.02115384615384617,0.06000000000000005,0.9788461538461538,0.41888256427638787,1.0,0.874939952235982,0.3720575323280786,-0.034395346857800456,0.0,112,B,,123,B,0,32,263,69.38783269961978,69.38783269961978,1.0,b915316a4842f698d2de070b0581f990c457e4a7418efb31ff58f66988c2df22,FR8_MB5_PD8_ODW2,fr_centroid_decouple_candidate,exp_precontact_plus_fr_centroid_decouple_probe
SP18_FR8_MB5_PD8_ODW2,SP18,8,5,8,2,v3a,baseline,v3a,baseline,v3_test,exp_precontact_plus_fr_centroid_decouple_probe,0.5,True,0.5,0.4,1383636782,1153110224,1272470450,controlled_baseline_B,"{""force_concentration_ratio"": 5.0, ""formation_rigidity"": 8.0, ""mobility_bias"": 5.0, ""offense_defense_weight"": 2.0, ""perception_radius"": 5.0, ""pursuit_drive"": 8.0, ""retreat_threshold"": 5.0, ""risk_appetite"": 5.0, ""targeting_logic"": 5.0, ""time_preference"": 5.0}","{""force_concentration_ratio"": 5.0, ""formation_rigidity"": 2.0, ""mobility_bias"": 2.0, ""offense_defense_weight"": 8.0, ""perception_radius"": 5.0, ""pursuit_drive"": 2.0, ""retreat_threshold"": 5.0, ""risk_appetite"": 5.0, ""targeting_logic"": 5.0, ""time_preference"": 5.0}",B,377,0,32,105,112,124,150,105,False,False,False,,2,368,25.46419098143236,2.6525198938992043,0.03851370824224819,0.026525198938992044,0.0937894279186458,0.2674522311799026,0.34558823529411753,0.6260869565217391,2.1137678908028956,0.660369343161735,1.8257228823407012,0.8418000000000001,0.42681086730313855,1.0,unstable_penetration_wedge,True,True,True,False,0.20825516194518953,0.3756040439945616,unstable_penetration_wedge,True,True,False,False,0.374706156974426,0.6093597319103602,0.1580769230769231,0.23849999999999993,0.8419230769230769,0.4279500122308193,1.0,0.02115384615384617,0.06000000000000005,0.9788461538461538,0.41888256427638787,1.0,0.874939952235982,0.3720575323280786,-0.034395346857800456,0.0,112,B,,123,B,0,32,263,69.38783269961978,69.38783269961978,1.0,b915316a4842f698d2de070b0581f990c457e4a7418efb31ff58f66988c2df22,FR8_MB5_PD8_ODW2,fr_centroid_decouple_candidate,exp_precontact_plus_fr_centroid_decouple_probe
SP01_FR8_MB2_PD2_ODW8,SP01,8,2,2,8,v3a,baseline,v3a,baseline,v3_test,exp_precontact_centroid_probe,0.5,True,0.5,0.4,223325105,428453577,1876258475,controlled_baseline_B,"{""force_concentration_ratio"": 5.0, ""formation_rigidity"": 8.0, ""mobility_bias"": 2.0, ""offense_defense_weight"": 8.0, ""perception_radius"": 5.0, ""pursuit_drive"": 2.0, ""retreat_threshold"": 5.0, ""risk_appetite"": 5.0, ""targeting_logic"": 5.0, ""time_preference"": 5.0}","{""force_concentration_ratio"": 5.0, ""formation_rigidity"": 2.0, ""mobility_bias"": 2.0, ""offense_defense_weight"": 8.0, ""perception_radius"": 5.0, ""pursuit_drive"": 2.0, ""retreat_threshold"": 5.0, ""risk_appetite"": 5.0, ""targeting_logic"": 5.0, ""time_preference"": 5.0}",A,430,22,0,109,116,128,135,109,False,False,False,,421,,2.3255813953488373,0.0,0.023255813953488372,0.0,0.3391807171801321,0.0662567681207033,0.7692307692307692,0.23076923076923073,2.3981000377876533,0.7097087348229814,1.727827065180053,0.9599999999999994,0.43075526888232657,1.0,unstable_penetration_wedge,True,True,False,False,0.31887483044245246,0.4911080914544328,flat_holding_front,False,True,False,False,0.3797165116056905,0.5638916561731743,0.037500000000000006,0.12,0.9625,0.4328665989391458,1.0,0.042037037037037046,0.16649999999999995,0.9579629629629629,0.45827804725738724,1.0,0.7331455746865232,0.2986290325870957,0.003386275970179112,0.0,116,A,126,277,A,22,3,312,60.72115384615385,60.72115384615385,1.0,25137d00e45f2aaf1ea85ea3b3b7a2f70b009c4682bb64a1fad30f89392317a6,FR8_MB2_PD2_ODW8,baseline,exp_precontact_centroid_probe
SP09_FR8_MB2_PD2_ODW8,SP09,8,2,2,8,v3a,baseline,v3a,baseline,v3_test,exp_precontact_centroid_probe,0.5,True,0.5,0.4,1049858353,1430962147,825265366,controlled_baseline_B,"{""force_concentration_ratio"": 5.0, ""formation_rigidity"": 8.0, ""mobility_bias"": 2.0, ""offense_defense_weight"": 8.0, ""perception_radius"": 5.0, ""pursuit_drive"": 2.0, ""retreat_threshold"": 5.0, ""risk_appetite"": 5.0, ""targeting_logic"": 5.0, ""time_preference"": 5.0}","{""force_concentration_ratio"": 5.0, ""formation_rigidity"": 2.0, ""mobility_bias"": 2.0, ""offense_defense_weight"": 8.0, ""perception_radius"": 5.0, ""pursuit_drive"": 2.0, ""retreat_threshold"": 5.0, ""risk_appetite"": 5.0, ""targeting_logic"": 5.0, ""time_preference"": 5.0}",A,430,22,0,109,116,128,135,109,False,False,False,,421,,2.3255813953488373,0.0,0.023255813953488372,0.0,0.3391807171801321,0.0662567681207033,0.7692307692307692,0.23076923076923073,2.3981000377876533,0.7097087348229814,1.727827065180053,0.9599999999999994,0.43075526888232657,1.0,unstable_penetration_wedge,True,True,False,False,0.31887483044245246,0.4911080914544328,flat_holding_front,False,True,False,False,0.3797165116056905,0.5638916561731743,0.037500000000000006,0.12,0.9625,0.4328665989391458,1.0,0.042037037037037046,0.16649999999999995,0.9579629629629629,0.45827804725738724,1.0,0.7331455746865232,0.2986290325870957,0.003386275970179112,0.0,116,A,126,277,A,22,3,312,60.72115384615385,60.72115384615385,1.0,25137d00e45f2aaf1ea85ea3b3b7a2f70b009c4682bb64a1fad30f89392317a6,FR8_MB2_PD2_ODW8,baseline,exp_precontact_centroid_probe
SP18_FR8_MB2_PD2_ODW8,SP18,8,2,2,8,v3a,baseline,v3a,baseline,v3_test,exp_precontact_centroid_probe,0.5,True,0.5,0.4,1383636782,1153110224,1272470450,controlled_baseline_B,"{""force_concentration_ratio"": 5.0, ""formation_rigidity"": 8.0, ""mobility_bias"": 2.0, ""offense_defense_weight"": 8.0, ""perception_radius"": 5.0, ""pursuit_drive"": 2.0, ""retreat_threshold"": 5.0, ""risk_appetite"": 5.0, ""targeting_logic"": 5.0, ""time_preference"": 5.0}","{""force_concentration_ratio"": 5.0, ""formation_rigidity"": 2.0, ""mobility_bias"": 2.0, ""offense_defense_weight"": 8.0, ""perception_radius"": 5.0, ""pursuit_drive"": 2.0, ""retreat_threshold"": 5.0, ""risk_appetite"": 5.0, ""targeting_logic"": 5.0, ""time_preference"": 5.0}",A,430,22,0,109,116,128,135,109,False,False,False,,421,,2.3255813953488373,0.0,0.023255813953488372,0.0,0.3391807171801321,0.0662567681207033,0.7692307692307692,0.23076923076923073,2.3981000377876533,0.7097087348229814,1.727827065180053,0.9599999999999994,0.43075526888232657,1.0,unstable_penetration_wedge,True,True,False,False,0.31887483044245246,0.4911080914544328,flat_holding_front,False,True,False,False,0.3797165116056905,0.5638916561731743,0.037500000000000006,0.12,0.9625,0.4328665989391458,1.0,0.042037037037037046,0.16649999999999995,0.9579629629629629,0.45827804725738724,1.0,0.7331455746865232,0.2986290325870957,0.003386275970179112,0.0,116,A,126,277,A,22,3,312,60.72115384615385,60.72115384615385,1.0,25137d00e45f2aaf1ea85ea3b3b7a2f70b009c4682bb64a1fad30f89392317a6,FR8_MB2_PD2_ODW8,baseline,exp_precontact_centroid_probe
SP01_FR8_MB2_PD2_ODW8,SP01,8,2,2,8,v3a,baseline,v3a,baseline,v3_test,exp_precontact_plus_fr_centroid_decouple_probe,0.5,True,0.5,0.4,223325105,428453577,1876258475,controlled_baseline_B,"{""force_concentration_ratio"": 5.0, ""formation_rigidity"": 8.0, ""mobility_bias"": 2.0, ""offense_defense_weight"": 8.0, ""perception_radius"": 5.0, ""pursuit_drive"": 2.0, ""retreat_threshold"": 5.0, ""risk_appetite"": 5.0, ""targeting_logic"": 5.0, ""time_preference"": 5.0}","{""force_concentration_ratio"": 5.0, ""formation_rigidity"": 2.0, ""mobility_bias"": 2.0, ""offense_defense_weight"": 8.0, ""perception_radius"": 5.0, ""pursuit_drive"": 2.0, ""retreat_threshold"": 5.0, ""risk_appetite"": 5.0, ""targeting_logic"": 5.0, ""time_preference"": 5.0}",B,429,0,18,105,113,124,145,105,False,False,False,,,420,0.0,2.331002331002331,0.0,0.023310023310023312,0.12739170783614032,0.2146341686169067,0.3283018867924524,0.6143920595533499,2.432908933564002,0.6746862849066514,1.7339598793232445,0.9658999999999998,0.4299461554362486,1.0,unstable_penetration_wedge,True,True,False,False,0.36734410197002665,0.5833609513638354,mixed_front,False,True,False,False,0.3594141001844613,0.62686124379003,0.03317307692307694,0.08849999999999991,0.9668269230769231,0.4310272471726423,1.0,0.02009615384615386,0.058499999999999996,0.9799038461538462,0.4189008039601787,1.0,0.6996130779321131,0.42271689610723673,0.0023580620215123953,0.0,118,A,125,164,B,1,18,315,61.857142857142854,61.857142857142854,1.0,842fea858a60e705f726006fbd136e6aa79d4955c775b811a4902e0597e1c154,FR8_MB2_PD2_ODW8,fr_centroid_decouple_candidate,exp_precontact_plus_fr_centroid_decouple_probe
SP09_FR8_MB2_PD2_ODW8,SP09,8,2,2,8,v3a,baseline,v3a,baseline,v3_test,exp_precontact_plus_fr_centroid_decouple_probe,0.5,True,0.5,0.4,1049858353,1430962147,825265366,controlled_baseline_B,"{""force_concentration_ratio"": 5.0, ""formation_rigidity"": 8.0, ""mobility_bias"": 2.0, ""offense_defense_weight"": 8.0, ""perception_radius"": 5.0, ""pursuit_drive"": 2.0, ""retreat_threshold"": 5.0, ""risk_appetite"": 5.0, ""targeting_logic"": 5.0, ""time_preference"": 5.0}","{""force_concentration_ratio"": 5.0, ""formation_rigidity"": 2.0, ""mobility_bias"": 2.0, ""offense_defense_weight"": 8.0, ""perception_radius"": 5.0, ""pursuit_drive"": 2.0, ""retreat_threshold"": 5.0, ""risk_appetite"": 5.0, ""targeting_logic"": 5.0, ""time_preference"": 5.0}",B,429,0,18,105,113,124,145,105,False,False,False,,,420,0.0,2.331002331002331,0.0,0.023310023310023312,0.12739170783614032,0.2146341686169067,0.3283018867924524,0.6143920595533499,2.432908933564002,0.6746862849066514,1.7339598793232445,0.9658999999999998,0.4299461554362486,1.0,unstable_penetration_wedge,True,True,False,False,0.36734410197002665,0.5833609513638354,mixed_front,False,True,False,False,0.3594141001844613,0.62686124379003,0.03317307692307694,0.08849999999999991,0.9668269230769231,0.4310272471726423,1.0,0.02009615384615386,0.058499999999999996,0.9799038461538462,0.4189008039601787,1.0,0.6996130779321131,0.42271689610723673,0.0023580620215123953,0.0,118,A,125,164,B,1,18,315,61.857142857142854,61.857142857142854,1.0,842fea858a60e705f726006fbd136e6aa79d4955c775b811a4902e0597e1c154,FR8_MB2_PD2_ODW8,fr_centroid_decouple_candidate,exp_precontact_plus_fr_centroid_decouple_probe
SP18_FR8_MB2_PD2_ODW8,SP18,8,2,2,8,v3a,baseline,v3a,baseline,v3_test,exp_precontact_plus_fr_centroid_decouple_probe,0.5,True,0.5,0.4,1383636782,1153110224,1272470450,controlled_baseline_B,"{""force_concentration_ratio"": 5.0, ""formation_rigidity"": 8.0, ""mobility_bias"": 2.0, ""offense_defense_weight"": 8.0, ""perception_radius"": 5.0, ""pursuit_drive"": 2.0, ""retreat_threshold"": 5.0, ""risk_appetite"": 5.0, ""targeting_logic"": 5.0, ""time_preference"": 5.0}","{""force_concentration_ratio"": 5.0, ""formation_rigidity"": 2.0, ""mobility_bias"": 2.0, ""offense_defense_weight"": 8.0, ""perception_radius"": 5.0, ""pursuit_drive"": 2.0, ""retreat_threshold"": 5.0, ""risk_appetite"": 5.0, ""targeting_logic"": 5.0, ""time_preference"": 5.0}",B,429,0,18,105,113,124,145,105,False,False,False,,,420,0.0,2.331002331002331,0.0,0.023310023310023312,0.12739170783614032,0.2146341686169067,0.3283018867924524,0.6143920595533499,2.432908933564002,0.6746862849066514,1.7339598793232445,0.9658999999999998,0.4299461554362486,1.0,unstable_penetration_wedge,True,True,False,False,0.36734410197002665,0.5833609513638354,mixed_front,False,True,False,False,0.3594141001844613,0.62686124379003,0.03317307692307694,0.08849999999999991,0.9668269230769231,0.4310272471726423,1.0,0.02009615384615386,0.058499999999999996,0.9799038461538462,0.4189008039601787,1.0,0.6996130779321131,0.42271689610723673,0.0023580620215123953,0.0,118,A,125,164,B,1,18,315,61.857142857142854,61.857142857142854,1.0,842fea858a60e705f726006fbd136e6aa79d4955c775b811a4902e0597e1c154,FR8_MB2_PD2_ODW8,fr_centroid_decouple_candidate,exp_precontact_plus_fr_centroid_decouple_probe
